<?xml version="1.0" encoding="ISO-8859-1"?>
<TcEventSources Version="2"><Source><Name>EL2212 2Ch. dig. output with overexcitation (24V DC, 2.5A, 10A Peak)</Name><GUID>{28111931-0002-0000-5230-A40800001700}</GUID><Event><Id>1</Id><Message LcId="1033">No error</Message><Message LcId="1031">kein Fehler</Message></Event><Event><Id>2</Id><Message LcId="1033">Communication established</Message><Message LcId="1031">Kommunikation aufgebaut</Message></Event><Event><Id>3</Id><Message LcId="1033">Initialization: 0x{0,X}, 0x{1,X}, 0x{2,X}</Message><Message LcId="1031">Initialisierung: 0x{0,X},  0x{1,X}, 0x{2,X}</Message></Event><Event><Id>4096</Id><Message LcId="1033">Information: 0x{0,X}, 0x{1,X}, 0x{2,X}</Message><Message LcId="1031">Information: 0x{0,X}, 0x{1,X}, 0x{2,X}</Message></Event><Event><Id>16384</Id><Message LcId="1033">Warning: 0x{0,X}, 0x{1,X}, 0x{2,X}</Message><Message LcId="1031">Warnung: 0x{0,X}, 0x{1,X}, 0x{2,X}</Message></Event><Event><Id>32769</Id><Message LcId="1033">Error: 0x{0,X}, 0x{1,X}, 0x{2,X}</Message><Message LcId="1031">Fehler: 0x{0,X}, 0x{1,X}, 0x{2,X}</Message></Event><Event><Id>32770</Id><Message LcId="1033">Communication aborted</Message><Message LcId="1031">Kommunikation abgebrochen</Message></Event><Event><Id>32771</Id><Message LcId="1033">Configuration error: 0x{0,X}, 0x{1,X}, 0x{2,X}</Message><Message LcId="1031">Konfigurationsfehler: 0x{0,X}, 0x{1,X}, 0x{2,X}</Message></Event><Event><Id>33024</Id><Message LcId="1033">Status word: 0x{0,X}, {1,X}</Message><Message LcId="1031">Statuswort gesetzt: 0x{0,X}, {1,X}</Message></Event><Event><Id>33029</Id><Message LcId="1033">Watchdog timeout to field-side</Message><Message LcId="1031">Watchdog der Feldseite hat zugeschlagen</Message></Event><Event><Id>33280</Id><Message LcId="1033">Write access error: {0}, {1}</Message><Message LcId="1031">Fehler beim Schreiben: {0}, {1}</Message></Event><Event><Id>33535</Id><Message LcId="1033">Bootmode not activated</Message><Message LcId="1031">Bootmode nicht aktiviert</Message></Event><Event><Id>65535</Id><Message LcId="1033">Debug: 0x{0,X}, 0x{1,X}, 0x{2,X}</Message><Message LcId="1031">Debug: 0x{0,X}, 0x{1,X}, 0x{2,X}</Message></Event></Source></TcEventSources>
