<?xml version="1.0" encoding="utf-8"?>
<TcEventSources Version="2"><Source><Name>EL7037 1Ch. Stepper motor output stage (24V, 1.5A)</Name><GUID>{28111931-0002-0000-5230-7D1B00001200}</GUID><Property><Name>DisplayTxtId</Name><Value>true</Value></Property><Event><Id>1</Id><Message LcId="1031">kein Fehler</Message><Message LcId="1033">No error</Message></Event><Event><Id>2</Id><Message LcId="1031">Kommunikation aufgebaut</Message><Message LcId="1033">Communication established</Message></Event><Event><Id>3</Id><Message LcId="1031">Initialisierung: 0x{0,X}, 0x{1,X}, 0x{2,X}</Message><Message LcId="1033">Initialization: 0x{0,X}, 0x{1,X}, 0x{2,X}</Message></Event><Event><Id>4096</Id><Message LcId="1031">Information: 0x{0,X}, 0x{1,X}, 0x{2,X}</Message><Message LcId="1033">Information: 0x{0,X}, 0x{1,X}, 0x{2,X}</Message></Event><Event><Id>4352</Id><Message LcId="1031">Erkennung der Betriebsart beendet: 0x{0,X}, {1}</Message><Message LcId="1033">Detection of operation mode completed: 0x{0,X}, {1}</Message></Event><Event><Id>4405</Id><Message LcId="1031">Zykluszeit o.k.: {0}</Message><Message LcId="1033">Cycle time o.k.: {0}</Message></Event><Event><Id>4609</Id><Message LcId="1031">Verbindung zur Feldseite wiederhergestellt</Message><Message LcId="1033">Communication re-established</Message></Event><Event><Id>4864</Id><Message LcId="1031">Position gesetzt: {0}, {1}</Message><Message LcId="1033">Position set: {0}, {1}</Message></Event><Event><Id>5120</Id><Message LcId="1031">Antrieb ist kalibriert: {0}, {1}</Message><Message LcId="1033">Drive is calibrated: {0}, {1}</Message></Event><Event><Id>5121</Id><Message LcId="1031">Aktueller Status des Antriebs: 0x{0,X}, {1}</Message><Message LcId="1033">Actual drive state: 0x{0,X}, {1}</Message></Event><Event><Id>16384</Id><Message LcId="1031">Warnung: 0x{0,X}, 0x{1,X}, 0x{2,X}</Message><Message LcId="1033">Warning: 0x{0,X}, 0x{1,X}, 0x{2,X}</Message></Event><Event><Id>16641</Id><Message LcId="1031">Klemmen-Übertemperatur</Message><Message LcId="1033">Terminal-Overtemperature</Message></Event><Event><Id>17152</Id><Message LcId="1031">Subinkremente deaktiviert: {0}, {1}</Message><Message LcId="1033">Subincrements deactivated: {0}, {1}</Message></Event><Event><Id>17153</Id><Message LcId="1031">Encoder-Warnung</Message><Message LcId="1033">Encoder-Warning</Message></Event><Event><Id>17408</Id><Message LcId="1031">Antrieb ist nicht kalibriert: {0}, {1}</Message><Message LcId="1033">Drive is not calibrated: {0}, {1}</Message></Event><Event><Id>17409</Id><Message LcId="1031">Starttyp wird nicht unterstützt: 0x{0,X}, {1}</Message><Message LcId="1033">Starttype not supported: 0x{0,X}, {1}</Message></Event><Event><Id>17410</Id><Message LcId="1031">Kommando abgewiesen: {0}, {1}</Message><Message LcId="1033">Command rejected: {0}, {1}</Message></Event><Event><Id>17413</Id><Message LcId="1031">Modulo-Subtyp ungültig: {0}, {1}</Message><Message LcId="1033">Invalid modulo subtype: {0}, {1}</Message></Event><Event><Id>17424</Id><Message LcId="1031">Zielposition wird überfahren: {0}, {1}</Message><Message LcId="1033">Target overrun: {0}, {1}</Message></Event><Event><Id>17425</Id><Message LcId="1031">Unterspannung DC-Zwischenkreis</Message><Message LcId="1033">DC-Link undervoltage</Message></Event><Event><Id>17426</Id><Message LcId="1031">Überspannung DC-Zwischenkreis</Message><Message LcId="1033">DC-Link overvoltage</Message></Event><Event><Id>17427</Id><Message LcId="1031">I2T-Modell Verstärker Überlast</Message><Message LcId="1033">I2T Amplifier overload</Message></Event><Event><Id>17428</Id><Message LcId="1031">I2T-Modell Motor Überlast</Message><Message LcId="1033">I2T Motor overload</Message></Event><Event><Id>17429</Id><Message LcId="1031">Geschwindigkeit wird begrenzt</Message><Message LcId="1033">Speed limitation active</Message></Event><Event><Id>17430</Id><Message LcId="1031">Schrittverlust erkannt an Position: 0x{0,X}{1,X}</Message><Message LcId="1033">Step lost detected at position: 0x{0,X}{1,X}</Message></Event><Event><Id>32769</Id><Message LcId="1031">Fehler: 0x{0,X}, 0x{1,X}, 0x{2,X}</Message><Message LcId="1033">Error: 0x{0,X}, 0x{1,X}, 0x{2,X}</Message></Event><Event><Id>32770</Id><Message LcId="1031">Kommunikation abgebrochen</Message><Message LcId="1033">Communication aborted</Message></Event><Event><Id>32771</Id><Message LcId="1031">Konfigurationsfehler: 0x{0,X}, 0x{1,X}, 0x{2,X}</Message><Message LcId="1033">Configuration error: 0x{0,X}, 0x{1,X}, 0x{2,X}</Message></Event><Event><Id>33024</Id><Message LcId="1031">Statuswort gesetzt: 0x{0,X}, {1}</Message><Message LcId="1033">Status word set: 0x{0,X}, {1}</Message></Event><Event><Id>33025</Id><Message LcId="1031">Betriebsart inkompatibel zum PDO-Interface: 0x{0,X}, {1}</Message><Message LcId="1033">Operation mode incompatible to PDO interface: 0x{0,X}, {1}</Message></Event><Event><Id>33026</Id><Message LcId="1031">Ungültige Kombination von In- und Output PDOs</Message><Message LcId="1033">Invalid combination of Inputs and Outputs PDOs</Message></Event><Event><Id>33028</Id><Message LcId="1031">Klemmen-Übertemperatur</Message><Message LcId="1033">Terminal-Overtemperature</Message></Event><Event><Id>33029</Id><Message LcId="1031">PD-Watchdog</Message><Message LcId="1033">PD-Watchdog</Message></Event><Event><Id>33077</Id><Message LcId="1031">Zykluszeit zu gross: {0}</Message><Message LcId="1033">Large cycle time: {0}</Message></Event><Event><Id>33280</Id><Message LcId="1031">Fehler beim Schreiben: {0}, {1}</Message><Message LcId="1033">Write access error: {0}, {1}</Message></Event><Event><Id>33281</Id><Message LcId="1031">Keine Kommunikation zur Feldseite ( Hilfsspannung fehlt)</Message><Message LcId="1033">No communication to field-side (Auxiliary voltage missing)</Message></Event><Event><Id>33535</Id><Message LcId="1031">Bootmode nicht aktiviert</Message><Message LcId="1033">Bootmode not activated</Message></Event><Event><Id>33536</Id><Message LcId="1031">Fehler beim Setzen der Position: 0x{0,X}, {1}</Message><Message LcId="1033">Set position error: 0x{0,X}, {1}</Message></Event><Event><Id>33537</Id><Message LcId="1031">Enkoderinkremente nicht konfiguriert: 0x{0,X}, {1}</Message><Message LcId="1033">Encoder increments not configured: 0x{0,X}, {1}</Message></Event><Event><Id>33538</Id><Message LcId="1031">Encoder-Fehler</Message><Message LcId="1033">Encoder-Error</Message></Event><Event><Id>33792</Id><Message LcId="1031">Antrieb fehlerhaft konfiguriert: 0x{0,X}, {1}</Message><Message LcId="1033">Incorrect drive configuration: 0x{0,X}, {1}</Message></Event><Event><Id>33793</Id><Message LcId="1031">Begrenzung der Kalibrier-Geschwindigkeit: {0}, {1}</Message><Message LcId="1033">Limiting of calibration velocity: {0}, {1}</Message></Event><Event><Id>33794</Id><Message LcId="1031">Emergency-Stop aktiviert: 0x{0,X}, {1}</Message><Message LcId="1033">Emergency stop activated: 0x{0,X}, {1}</Message></Event><Event><Id>33795</Id><Message LcId="1031">Fehler bei der ADC-Strommessung</Message><Message LcId="1033">ADC Error</Message></Event><Event><Id>33796</Id><Message LcId="1031">Überstrom</Message><Message LcId="1033">Overcurrent</Message></Event><Event><Id>33797</Id><Message LcId="1031">Modulo-Position ungültig: {0}</Message><Message LcId="1033">Invalid modulo position: {0}</Message></Event><Event><Id>33798</Id><Message LcId="1031">Unterspannung DC-Zwischenkreis</Message><Message LcId="1033">Undervoltage DC-Link</Message></Event><Event><Id>33799</Id><Message LcId="1031">Überspannung DC-Zwischenkreis</Message><Message LcId="1033">Overvoltage DC-Link</Message></Event><Event><Id>33800</Id><Message LcId="1031">I2T-Modell Verstärker Überlast</Message><Message LcId="1033">I2T-Model Amplifier overload</Message></Event><Event><Id>33801</Id><Message LcId="1031">I2T-Modell Motor Überlast</Message><Message LcId="1033">I2T-Model motor overload</Message></Event><Event><Id>33813</Id><Message LcId="1031">Modulo-Faktor ungültig: {0}</Message><Message LcId="1033">Invalid modulo factor: {0}</Message></Event><Event><Id>33856</Id><Message LcId="1031">Motorleitung nicht angeschlossen</Message><Message LcId="1033">Motor cable not connected</Message></Event><Event><Id>65535</Id><Message LcId="1031">Debug: 0x{0,X}, 0x{1,X}, 0x{2,X}</Message><Message LcId="1033">Debug: 0x{0,X}, 0x{1,X}, 0x{2,X}</Message></Event></Source><Source><Name>EL7201-0010 1Ch. MDP742 Servo motor output stage with OCT (50V, 4A)</Name><GUID>{28111931-0002-0000-5230-211C0A001A00}</GUID><Property><Name>DisplayTxtId</Name><Value>true</Value></Property><Event><Id>1</Id><Message LcId="1031">kein Fehler</Message><Message LcId="1033">No error</Message></Event><Event><Id>2</Id><Message LcId="1031">Kommunikation aufgebaut</Message><Message LcId="1033">Communication established</Message></Event><Event><Id>3</Id><Message LcId="1031">Initialisierung: 0x{0,X},  0x{1,X}, 0x{2,X}</Message><Message LcId="1033">Initialization: 0x{0,X}, 0x{1,X}, 0x{2,X}</Message></Event><Event><Id>4096</Id><Message LcId="1031">Information: 0x{0,X}, 0x{1,X}, 0x{2,X}</Message><Message LcId="1033">Information: 0x{0,X}, 0x{1,X}, 0x{2,X}</Message></Event><Event><Id>4609</Id><Message LcId="1031">Verbindung zur Feldseite wiederhergestellt</Message><Message LcId="1033">Communication re-established</Message></Event><Event><Id>16384</Id><Message LcId="1031">Warnung: 0x{0,X}, 0x{1,X}, 0x{2,X}</Message><Message LcId="1033">Warning: 0x{0,X}, 0x{1,X}, 0x{2,X}</Message></Event><Event><Id>16641</Id><Message LcId="1031">Klemmen-Übertemperatur</Message><Message LcId="1033">Terminal-Overtemperature</Message></Event><Event><Id>16642</Id><Message LcId="1031">Diskrepanz in der PDO-Konfiguration</Message><Message LcId="1033">Discrepancy in the PDO-Configuration</Message></Event><Event><Id>17153</Id><Message LcId="1031">Feedback-Warnung</Message><Message LcId="1033">Feedback-Warning</Message></Event><Event><Id>17425</Id><Message LcId="1031">Unterspannung DC-Zwischenkreis</Message><Message LcId="1033">DC-Link undervoltage</Message></Event><Event><Id>17426</Id><Message LcId="1031">Überspannung DC-Zwischenkreis</Message><Message LcId="1033">DC-Link overvoltage</Message></Event><Event><Id>17427</Id><Message LcId="1031">I2T-Modell Verstärker Überlast</Message><Message LcId="1033">I2T Amplifier overload</Message></Event><Event><Id>17428</Id><Message LcId="1031">I2T-Modell Motor Überlast</Message><Message LcId="1033">I2T Motor overload</Message></Event><Event><Id>17429</Id><Message LcId="1031">Geschwindigkeit wird begrenzt</Message><Message LcId="1033">Speed limitation active</Message></Event><Event><Id>17431</Id><Message LcId="1031">Motor-Übertemperatur</Message><Message LcId="1033">Motor-Overtemperature</Message></Event><Event><Id>17432</Id><Message LcId="1031">Limit: Strom wird limitiert</Message><Message LcId="1033">Limit: Current</Message></Event><Event><Id>17433</Id><Message LcId="1031">Limit: Verstärker I2T-Modell übersteigt 100%</Message><Message LcId="1033">Limit: Amplifier I2T-model exceeds 100%</Message></Event><Event><Id>17434</Id><Message LcId="1031">Limit: Motor I2T-Modell übersteigt 100%</Message><Message LcId="1033">Limit: Motor I2T-model exceeds 100%</Message></Event><Event><Id>17435</Id><Message LcId="1031">Limit: Drehzahl wird limitiert</Message><Message LcId="1033">Limit: Velocity limitation</Message></Event><Event><Id>17436</Id><Message LcId="1031">Spannung am STO-Eingang fehlt</Message><Message LcId="1033">Voltage on STO-Input missing</Message></Event><Event><Id>17437</Id><Message LcId="1031">Internal hardware error</Message><Message LcId="1033">Interner Hardwarefehler</Message></Event><Event><Id>32769</Id><Message LcId="1031">Fehler: 0x{0,X}, 0x{1,X}, 0x{2,X}</Message><Message LcId="1033">Error: 0x{0,X}, 0x{1,X}, 0x{2,X}</Message></Event><Event><Id>32770</Id><Message LcId="1031">Kommunikation abgebrochen</Message><Message LcId="1033">Communication aborted</Message></Event><Event><Id>32771</Id><Message LcId="1031">Konfigurationsfehler: 0x{0,X}, 0x{1,X}, 0x{2,X}</Message><Message LcId="1033">Configuration error: 0x{0,X}, 0x{1,X}, 0x{2,X}</Message></Event><Event><Id>33026</Id><Message LcId="1031">Ungültige Kombination von In- und Output PDOs</Message><Message LcId="1033">Invalid combination of Inputs and Outputs PDOs</Message></Event><Event><Id>33027</Id><Message LcId="1031">Keine Variablen verknüpft</Message><Message LcId="1033">No variable linkage</Message></Event><Event><Id>33028</Id><Message LcId="1031">Klemmen-Übertemperatur</Message><Message LcId="1033">Terminal-Overtemperature</Message></Event><Event><Id>33029</Id><Message LcId="1031">PD-Watchdog</Message><Message LcId="1033">PD-Watchdog</Message></Event><Event><Id>33077</Id><Message LcId="1031">Zykluszeit muss ein vielfaches von 125 µs sein</Message><Message LcId="1033">Cycletime has to be a multiple of 125 µs</Message></Event><Event><Id>33079</Id><Message LcId="1031">Elektronisches Typenschild: CRC-Fehler</Message><Message LcId="1033">Electronic name plate: CRC error</Message></Event><Event><Id>33281</Id><Message LcId="1031">Keine Kommunikation zur Feldseite ( Hilfsspannung fehlt)</Message><Message LcId="1033">No communication to field-side (Auxiliary voltage missing)</Message></Event><Event><Id>33538</Id><Message LcId="1031">Feedback-Fehler</Message><Message LcId="1033">Feedback-Error</Message></Event><Event><Id>33540</Id><Message LcId="1031">OCT Kommunikationsfehler</Message><Message LcId="1033">OCT communication error</Message></Event><Event><Id>33795</Id><Message LcId="1031">Fehler bei der ADC-Strommessung</Message><Message LcId="1033">ADC Error</Message></Event><Event><Id>33796</Id><Message LcId="1031">Überstrom auf Phase U, V oder W</Message><Message LcId="1033">Overcurrent</Message></Event><Event><Id>33798</Id><Message LcId="1031">Unterspannung DC-Zwischenkreis</Message><Message LcId="1033">Undervoltage DC-Link</Message></Event><Event><Id>33799</Id><Message LcId="1031">Überspannung DC-Zwischenkreis</Message><Message LcId="1033">Overvoltage DC-Link</Message></Event><Event><Id>33800</Id><Message LcId="1031">I2T-Modell Verstärker Überlast</Message><Message LcId="1033">I2T-Model Amplifier overload</Message></Event><Event><Id>33801</Id><Message LcId="1031">I2T-Modell Motor Überlast</Message><Message LcId="1033">I2T-Model motor overload</Message></Event><Event><Id>33814</Id><Message LcId="1031">Motor-Übertemperatur</Message><Message LcId="1033">Motor-Overtemperature</Message></Event><Event><Id>33815</Id><Message LcId="1031">Maximale Drehfeldfrequenz überschritten</Message><Message LcId="1033">Maximum rotating field velocity exceeded</Message></Event><Event><Id>33820</Id><Message LcId="1031">STO ist bei aktiver Achse aufgetreten</Message><Message LcId="1033">STO while the axis was enabled</Message></Event><Event><Id>33821</Id><Message LcId="1031">Interner Hardwarefehler</Message><Message LcId="1033">Internal hardware error</Message></Event><Event><Id>65535</Id><Message LcId="1031">Debug: 0x{0,X}, 0x{1,X}, 0x{2,X}</Message><Message LcId="1033">Debug: 0x{0,X}, 0x{1,X}, 0x{2,X}</Message></Event></Source></TcEventSources>
